-- phpMyAdmin SQL Dump
-- version 5.2.0
-- https://www.phpmyadmin.net/
--
-- Servidor: 127.0.0.1
-- Tiempo de generación: 23-03-2024 a las 03:17:02
-- Versión del servidor: 10.4.24-MariaDB
-- Versión de PHP: 8.1.6

SET SQL_MODE = "NO_AUTO_VALUE_ON_ZERO";
START TRANSACTION;
SET time_zone = "+00:00";


/*!40101 SET @OLD_CHARACTER_SET_CLIENT=@@CHARACTER_SET_CLIENT */;
/*!40101 SET @OLD_CHARACTER_SET_RESULTS=@@CHARACTER_SET_RESULTS */;
/*!40101 SET @OLD_COLLATION_CONNECTION=@@COLLATION_CONNECTION */;
/*!40101 SET NAMES utf8mb4 */;

--
-- Base de datos: `stocky2024`
--

-- --------------------------------------------------------

--
-- Estructura de tabla para la tabla `bills`
--

CREATE TABLE `bills` (
  `id` int(11) NOT NULL,
  `bills` varchar(50) NOT NULL,
  `price` int(10) NOT NULL,
  `date` datetime NOT NULL
) ENGINE=InnoDB DEFAULT CHARSET=utf8mb4;

--
-- Volcado de datos para la tabla `bills`
--

INSERT INTO `bills` (`id`, `bills`, `price`, `date`) VALUES
(1, 'CODENSA ENEL', 1785180, '2024-01-13 00:00:00'),
(2, 'ACUAROMA CONSIGNACION Y NEQUI', 1108000, '2024-01-15 00:00:00'),
(3, 'AKT ENERO DAVIPLATA', 284000, '2024-01-19 00:00:00');

-- --------------------------------------------------------

--
-- Estructura de tabla para la tabla `products`
--

CREATE TABLE `products` (
  `id_product` int(11) NOT NULL,
  `invoice` int(11) DEFAULT NULL,
  `reference` int(11) NOT NULL,
  `description` varchar(50) DEFAULT NULL,
  `category` varchar(20) DEFAULT NULL,
  `stock` int(11) NOT NULL,
  `price` int(11) NOT NULL,
  `total` int(11) NOT NULL,
  `created` date NOT NULL
) ENGINE=InnoDB DEFAULT CHARSET=utf8mb4;

--
-- Volcado de datos para la tabla `products`
--

INSERT INTO `products` (`id_product`, `invoice`, `reference`, `description`, `category`, `stock`, `price`, `total`, `created`) VALUES
(1, 20240101, 8888, 'NO OPEN', NULL, 0, 0, 0, '2024-01-01'),
(2, 20240101, 9999, 'TEST REFERENCE', NULL, 1, 75000, 75000, '2024-01-01'),
(3, 20240101, 1, 'PANTALON MAYA ', NULL, 12, 17000, 204000, '2024-01-01'),
(4, 20240101, 2, 'SHORT MAYA', NULL, 5, 12000, 60000, '2024-01-01'),
(5, 20240111, 3, 'FALDA MAYA', NULL, 10, 12000, 120000, '2024-01-01'),
(6, 20240111, 4, 'BLUZON CERRADA MAYA', NULL, 2, 20000, 40000, '2024-01-01'),
(7, 20240202, 5, 'KIMONO FLECO ABIERTA MAYA', NULL, 19, 24000, 456000, '2024-02-02'),
(8, 20240101, 6, 'VESTIDO MAYA', NULL, 5, 20000, 100000, '2024-01-01'),
(9, 20240111, 12, 'CINTA BOOB TAPE PINKYLIN $12', NULL, 4, 12000, 48000, '2024-01-11'),
(10, 20240111, 11, 'NIPPLE SILICONE PAD TAPA PEZÓN', NULL, 6, 6000, 36000, '2024-01-11'),
(11, 20240202, 10, ' FREEBRA COPAS SILICONE 5D Y 1C', NULL, 10, 15000, 150000, '2024-02-02'),
(12, 20240101, 13, 'TAPA PEZÓN PETALOS PACK X5 5000', NULL, 6, 5000, 30000, '2024-01-01'),
(13, 20240101, 14, 'KISSBRA COPA SILICONA', NULL, 0, 0, 0, '2024-01-01'),
(14, 20240101, 15, 'COPA SILICONA LARABRA AMARRE', NULL, 1, 19000, 19000, '2024-01-01'),
(15, 20240101, 7, 'PANTALON VELO', NULL, 7, 17000, 119000, '2024-01-01'),
(16, 20240101, 8, 'BATA VELO MANGA LARGO PLAYERO', NULL, 4, 24000, 96000, '2024-01-01'),
(17, 20240111, 16, 'CONEJO LIFT UP COPAS SILICONE PAD', NULL, 5, 15000, 75000, '2024-01-11'),
(18, 20240101, 17, 'CINTA DOBLE FAZ CORNETEX', NULL, 0, 0, 0, '2024-01-01'),
(19, 20240101, 30, 'SALIDA KIMONO PINKYLIN', NULL, 43, 26000, 1118000, '2024-02-14'),
(20, 20240101, 9, 'MEDIAS MAYA CAJA', NULL, 2, 8000, 16000, '2024-01-01'),
(21, 20240101, 137, 'TOP BIKINI VANESSA', NULL, 10, 50000, 500000, '2024-01-01'),
(22, 20240101, 101, 'HILO MURANO', NULL, 1, 15000, 15000, '2024-01-01'),
(23, 20240101, 1003, 'ENTERIZO TIFFANY AGRIDULCE', NULL, 4, 40000, 160000, '2024-01-01'),
(24, 20240117, 1009, 'ENTERIZO AGRIDULCE S M L', NULL, 95, 40000, 3800000, '2024-01-17'),
(25, 20240117, 1020, 'BIKINI AMARRAR AGRIDULCE', NULL, 6, 27000, 162000, '2024-01-17'),
(26, 20240202, 1035, 'BRONSEADOR AGRIDULCE', NULL, 65, 28000, 1820000, '2024-02-02'),
(27, 20240101, 1072, 'BIKINI LENTEJUELAS AGRIDULCE', NULL, 12, 32000, 384000, '2024-01-01'),
(28, 20240101, 1982, 'GANANCIAS OCASIONALES TERE', NULL, 0, 0, 0, '2024-01-01'),
(29, 20240101, 2120, 'BIKINI MACRAME NEGRO TULUM', NULL, 1, 70000, 70000, '2024-01-01'),
(30, 20240202, 3002, 'SALIDA FALDA AGRIDULCE', NULL, 7, 35000, 245000, '2024-02-02'),
(31, 20240101, 3003, 'KIMONO LARGO AGRIDULCE', NULL, 7, 40000, 280000, '2024-01-01'),
(32, 20240101, 6002, 'BIKINI BORDADO AZUL BEIGE EVANDRA', NULL, 5, 48900, 244500, '2024-01-01'),
(33, 20240101, 7101, 'ENTERIZO CRUZADO EVANDRA', NULL, 4, 56500, 226000, '2024-01-01'),
(34, 20240101, 7103, 'ENTERIZO CONTROL EVANDRA', NULL, 2, 68000, 136000, '2024-01-01'),
(35, 20240101, 7109, 'SALIDA FALDA CAROL', NULL, 2, 60000, 120000, '2024-01-01'),
(36, 20240101, 7114, 'VB 2 PIEZAS HAWAI $56', NULL, 5, 56000, 280000, '2024-01-01'),
(37, 20240101, 7115, 'BIKINI NAZCA STRAPLE', NULL, 1, 50000, 50000, '2024-01-01'),
(38, 20240101, 7116, 'BIKINI 2 PIEZAS ROJO ESTAMPADO', NULL, 1, 56000, 56000, '2024-01-01'),
(39, 20240101, 7117, 'BAHAMAS MANGAS REMOVIBLES', NULL, 5, 60000, 300000, '2024-01-01'),
(40, 20240101, 7119, 'VESTIDO DE BAÑO 2 PIEZAS $44', NULL, 2, 44000, 88000, '2024-01-01'),
(41, 20240101, 7120, 'BIKINI CRUZADO ADORNOS DORADOS 5X 63', NULL, 4, 63000, 252000, '2024-01-01'),
(42, 20240101, 7121, 'ENTERIZO MYKONOS CONTROL $53', NULL, 2, 53000, 106000, '2024-02-15'),
(43, 20240101, 7125, 'ENTERIZO CRUZADO $61', NULL, 5, 61000, 305000, '2024-01-01'),
(44, 20240101, 7126, 'ENTERIZO ESCOTE CRETA $76 NO SALE', NULL, 1, 76000, 76000, '2024-01-01'),
(45, 20240101, 7129, 'SALIDA DE BAÑO MADAGASCAR', NULL, 2, 39200, 78400, '2024-01-01'),
(46, 20240101, 7473, 'BIKINI VERDE MILITAR ACUAROMA', NULL, 2, 57200, 114400, '2024-01-01'),
(47, 20240101, 7485, 'BIKINI BLANCO Y ROJO ACUAROMA', NULL, 1, 75000, 75000, '2024-01-01'),
(48, 20240101, 7495, 'BIKINI NEGRO DORADO ACUAROMA', NULL, 1, 74000, 74000, '2024-01-01'),
(49, 20240115, 7506, 'BIKINI TRENZADO ACUAROMA', NULL, 4, 56000, 224000, '2024-01-01'),
(50, 20240101, 7508, 'BIKINI TRENZADO AMARRAR ACUAROMA', NULL, 4, 56000, 224000, '2024-01-01'),
(51, 20240101, 7509, 'BIKINI BRILANTES FLOR ACUAROMA', NULL, 15, 56000, 840000, '2024-01-01'),
(52, 20240115, 7511, 'BIKINI TALLE ALTO ACUAROMA $58 I$69', NULL, 12, 69000, 828000, '2024-01-01'),
(53, 20240115, 7514, 'BIKINI BRILANTES TRENZA ACUAROMA $55 I$66', NULL, 10, 66000, 660000, '2024-01-01'),
(54, 20240115, 7516, 'BIKINI ENTERIZO ACUAROMA', NULL, 6, 56000, 336000, '2024-01-01'),
(55, 20240115, 7521, 'BIKINI ACANALADO ACUAROMA', NULL, 9, 51000, 459000, '2024-01-15'),
(56, 20240106, 70001, 'BIKINI IBIZA Y DOMINICA $50', NULL, 9, 70400, 633600, '2024-01-01'),
(57, 20240106, 70002, 'BIKINI MALTA AMEBA VERDE $51', NULL, 12, 72800, 873600, '2024-01-01'),
(58, 20240101, 70003, 'BIKINI CRUZADO AL FRENTE BARBADOS', NULL, 4, 70100, 280400, '2024-01-01'),
(59, 20240101, 70004, 'BIKINI PROVINCIA SINGAPOUR', NULL, 15, 80300, 1204500, '2024-01-01'),
(60, 20240101, 70005, 'BIKINI TOP TIRAS NASAU Y CANARIAS', NULL, 3, 67700, 203100, '2024-01-01'),
(61, 20240106, 70006, 'BIKINI TOP V TAIWAN MALDIVAS $50', NULL, 24, 71000, 1704000, '2024-01-06'),
(62, 20240106, 70007, 'PANTY ALTO TOP MANGAS $52', NULL, 34, 74200, 2522800, '2024-01-06'),
(63, 20240101, 70008, 'BIKINI DOBLE FAZ COPA TRIANGULAR', NULL, 3, 59400, 178200, '2024-01-01'),
(64, 20240106, 70009, 'BIKINI NEGRO TRENZA $52', NULL, 9, 73600, 662400, '2024-01-06'),
(65, 20240101, 70010, 'BIKINI MALTEADO LILA CHICLE $40', NULL, 13, 57000, 741000, '2024-01-01'),
(66, 20240106, 70012, 'BIKINI BARBADOS MALTA CORREA DORADA $43', NULL, 11, 61300, 674300, '2024-01-06'),
(67, 20240101, 70013, 'BIKINI NASAU CANARIAS SIN COPA', NULL, 2, 68300, 136600, '2024-01-01'),
(68, 20240106, 70014, 'ENTERIZO NUDO CRUZADO $41', NULL, 5, 58000, 290000, '2024-01-06'),
(69, 20240101, 70015, 'ENTERIZO CM DOMINICA Y MALTA', NULL, 3, 80100, 240300, '2024-01-01'),
(70, 20240106, 70016, 'ENTERIZO AJUSTE EN ESPALDA $44', NULL, 6, 62000, 372000, '2024-01-01'),
(71, 20240101, 70017, 'ENTERIZO CINTURON TAIWAN PROVIDENCIA', NULL, 2, 68400, 136800, '2024-01-01'),
(72, 20240106, 70018, 'ENTERIZO MANGA LARGA JAMAICA SINGAPUR $49', NULL, 17, 69700, 1184900, '2024-01-01'),
(73, 20240101, 70019, 'ENTERIZO MANGA CORTA', NULL, 1, 77200, 77200, '2024-01-01'),
(74, 20240101, 70020, 'ENTERIZO COPA Y ARO ASIMETRICO', NULL, 7, 59300, 415100, '2024-01-01'),
(75, 20240106, 70021, 'ENTERIZO CATALINA ISLANDIA $57', NULL, 18, 81200, 1461600, '2024-01-01'),
(76, 20240106, 70023, 'BERMUDA S-M-L-XL $38', NULL, 22, 53300, 1172600, '2024-01-01'),
(77, 20240101, 70024, 'SALIDA FALDA MALDIVAS FIYI', NULL, 5, 43200, 216000, '2024-01-01'),
(78, 20240106, 70025, 'SALIDA 3/4 KIMONO $31', NULL, 4, 43800, 175200, '2024-01-06'),
(79, 20240101, 70026, 'FALDA VELO BLACK WHITE PROVIDENCIA', NULL, 8, 46300, 370400, '2024-01-01'),
(80, 20240106, 70027, 'KIMONO SINGAPUR MANGA LARGA $35', NULL, 16, 49300, 788800, '2024-01-01'),
(81, 20240106, 70028, 'SALIDA DE BAÑO SHIFON $38', NULL, 11, 53900, 592900, '2024-01-06'),
(82, 20240106, 70029, 'SALIDA PAREO MULTIUSOS $23', NULL, 22, 32100, 706200, '2024-01-01'),
(83, 20240106, 70030, 'KIMONO TAIWAN Y JAMAICA $33', NULL, 27, 47000, 1269000, '2024-01-06'),
(84, 20240106, 70031, 'SALIDA FALDA BARBADOS $21', NULL, 4, 29600, 118400, '2024-01-06'),
(85, 20240101, 70032, 'SALIDA BLUSON CON ESCOTE', NULL, 3, 45900, 137700, '2024-01-01'),
(86, 20240101, 70033, 'SALIDA DE BAÑO FALDA BOLERO CON CINTURON', NULL, 3, 48200, 144600, '2024-01-01'),
(87, 20240101, 70037, 'PAÑOLETA PLIZADA ESTAMPADA', NULL, 3, 17700, 53100, '2024-01-01'),
(88, 20240101, 70038, 'BOLSO PLAYERO CON CARGADERA', NULL, 2, 41000, 82000, '2024-01-01'),
(89, 20240101, 70011, 'PANTY ALTO COPA PROFUNDA', NULL, 1, 80600, 80600, '2024-01-01'),
(90, 397, 10060, 'PANTY CACHETERO ELASTICO', NULL, 86, 19900, 1711400, '2024-01-23'),
(91, 397, 645, 'BRASIER LYCRA PUSH UP ANCHA', NULL, 6, 40400, 242400, '2024-01-23'),
(92, 20240202, 1071, 'BIKINI PANTY ALTO AGRIDULCE', NULL, 9, 43000, 387000, '2024-02-02'),
(93, 20240101, 18, 'PAREOS SANVIC PROMO', NULL, 3, 5000, 15000, '2024-01-01'),
(94, 20240101, 304, 'BRASIER EN LYCRA REALCE 2X3', NULL, 8, 35700, 285600, '2024-01-01'),
(95, 20240101, 306, 'BRASIER EN ENCAJE COPA ENTERA REALCE', NULL, 14, 35500, 497000, '2024-01-11'),
(96, 20240101, 322, 'CORSETT', NULL, 2, 79500, 159000, '2024-01-01'),
(97, 20240101, 391, 'PANTY HILO ENCAJE GRADUABLE', NULL, 16, 13100, 209600, '2024-01-01'),
(98, 20240101, 4496, 'TANGA HILO SV BRONCEADOR', NULL, 15, 5000, 75000, '2024-01-01'),
(99, 20240101, 959, 'BRASIER LISO EN LYCRA ESPALDA EN MICROFIBRA', NULL, 7, 45600, 319200, '2024-01-01'),
(100, 20240101, 403, 'SALIDA MANGA LARGA 2P MAYA TULUM', NULL, 1, 65000, 65000, '2024-01-01'),
(101, 20240101, 426, 'PANTY CACHETERO CLASICO ENCAJE', NULL, 4, 13300, 53200, '2024-01-01'),
(102, 20240101, 481, 'BRASIER SEÑORERO TRANSPIRABLE', NULL, 4, 48400, 193600, '2024-01-01'),
(103, 20240101, 486, 'BRASIER TALLE LARGO ENCAJE', NULL, 9, 47500, 427500, '2024-01-01'),
(104, 20240101, 559, 'FUSIONADO BRASILERA INVISIBLE', NULL, 13, 15500, 201500, '2024-01-01'),
(105, 20240101, 593, 'BRASIER ANCHO ESPALDA SIN COSTURA', NULL, 8, 40500, 324000, '2024-01-01'),
(106, 20240101, 601, 'PANTY CLASICO CONTROL MEDIO', NULL, 1, 24800, 24800, '2024-01-01'),
(107, 20240101, 625, 'TIRA UNICOLOR 13MM', NULL, 3, 3800, 11400, '2024-01-01'),
(108, 20240101, 627, 'TIRAS TRANSPARENTES', NULL, 7, 4800, 33600, '2024-01-01'),
(109, 20240101, 628, 'EXTENSOR BRASIER 3X3', NULL, 11, 2400, 26400, '2024-01-01'),
(110, 20240101, 629, 'EXTENSOR BRASIER 2X3', NULL, 4, 1666, 6664, '2024-01-01'),
(111, 20240101, 630, 'EXTENSOR BRASIER 6X3', NULL, 8, 3700, 29600, '2024-01-01'),
(112, 20240101, 653, 'BRASIER LYCRA E. CUBRIMIENTO', NULL, 8, 56900, 455200, '2024-01-01'),
(113, 20240101, 689, 'BOXER INVISIBLE EN NAYLON UNICOLOR', NULL, 20, 20200, 404000, '2024-01-01'),
(114, 20240101, 716, 'PANTY HILO BRASILERA', NULL, 17, 16050, 272850, '2024-01-01'),
(115, 20240101, 717, 'PANTY HIPSTER POSTER', NULL, 14, 18200, 254800, '2024-01-01'),
(116, 20240101, 721, 'TANGA BRASILERA CINTAS', NULL, 9, 16450, 148050, '2024-01-01'),
(117, 20240117, 807, 'TANKINI CONTROL BLUZA SHORT EVANDRA', NULL, 3, 57500, 172500, '2024-01-17'),
(118, 20240101, 822, 'BRASIER STRAPLESS SILICO', NULL, 14, 46300, 648200, '2024-01-01'),
(119, 20240101, 825, 'PANTY CACHETERO TALLE ALTO', NULL, 3, 19000, 57000, '2024-01-01'),
(120, 20240101, 10061, 'PANTY CACHETERO LEVANTA COLA', NULL, 33, 20400, 673200, '2024-01-01'),
(121, 20240101, 826, 'CACHETERO LICRA Y BLONDA', NULL, 7, 17369, 121585, '2024-01-01'),
(122, 20240101, 887, 'BRASIER CON COPA', NULL, 2, 34222, 68444, '2024-01-01'),
(123, 20240101, 896, 'PANTY TALLE ALTO SIN COSTURAS', NULL, 5, 22862, 114310, '2024-01-01'),
(124, 20240101, 899, 'PANTY LICRA MICROFIBRA CINTURA', NULL, 21, 18441, 387261, '2024-01-01'),
(125, 20240101, 902, 'BRASIER CORRECTOR CHALECO 6X3', NULL, 1, 54951, 54951, '2024-01-01'),
(126, 20240101, 931, 'BRASIER ESPALDA SIN COSTURAS', NULL, 1, 49164, 49164, '2024-01-01'),
(127, 20240101, 933, 'BRASIER CON ENCAJE', NULL, 3, 40579, 121737, '2024-01-01'),
(128, 20240101, 936, 'PANTY ENCAJE TULL', NULL, 1, 17300, 17300, '2024-01-01'),
(129, 20240101, 938, 'BRASIER Y BRASILERA EN ENCAJE Y TULL', NULL, 1, 56049, 56049, '2024-01-01'),
(130, 20240101, 940, 'BRASIER TIPO BRALET EN ENCAJE', NULL, 3, 39116, 117349, '2024-01-01'),
(131, 20240101, 941, 'CACHETERO EN TULL Y ENCAJE', NULL, 6, 17561, 105366, '2024-01-01'),
(132, 20240101, 946, 'BRASIER EN ENCAJE CON REFUERZO EN COPA', NULL, 2, 41604, 83207, '2024-01-01'),
(133, 20240101, 950, 'BRASIER TOP EN ENCAJE', NULL, 1, 41461, 41461, '2024-01-01'),
(134, 20240101, 952, 'BRASIER EN ENCAJE PUSH UP', NULL, 1, 42484, 42484, '2024-01-01'),
(135, 20240101, 954, 'BRASIER ENCAJE', NULL, 1, 44623, 44623, '2024-01-01'),
(137, 20240101, 958, 'BRASIER EN LYCRA Y ENCAJE $30077', NULL, 3, 42967, 128902, '2024-01-01'),
(138, 20240101, 965, 'CACHETERO TALLE ALTO EN LYCRA Y ENCAJE', NULL, 4, 17726, 70905, '2024-01-01'),
(139, 20240101, 969, 'PANTY HIPTER LICRA Y TULL', NULL, 3, 17639, 52918, '2024-01-01'),
(140, 20240101, 971, 'PANTY HILO CACHETERO', NULL, 4, 16968, 67873, '2024-01-01'),
(141, 20240101, 973, 'PANTY HILO BLONDA Y ENCAJE', NULL, 3, 14137, 42412, '2024-01-01'),
(142, 20240101, 976, 'CONJUNTO SENSUAL', NULL, 1, 65983, 65983, '2024-01-01'),
(143, 20240101, 10059, 'PANTY CACHETERO REF 334', NULL, 29, 12851, 372679, '2024-01-01'),
(144, 20240115, 7515, 'BIKINI ACUAROMA', NULL, 1, 54000, 54000, '2024-01-15'),
(145, 20240115, 7525, 'BIKINI TRENZADO CUELLO ACUAROMA ', NULL, 4, 56000, 224000, '2024-01-15'),
(146, 20240117, 1085, 'MANGA LARGA PANTY ALTO NEGRO ROJO AGRIDULCE', NULL, 13, 47000, 611000, '2024-01-01'),
(147, 20240117, 7005, 'PANTY ALTO P005 EVANDRA', NULL, 5, 23300, 116500, '2024-01-17'),
(148, 20240117, 6011, 'PANTY ALTO TOP BOLEROS EVANDRA', NULL, 1, 55900, 55900, '2024-01-17'),
(149, 20240101, 10012, 'BRASIER ELEGANCIA BUSTIER ESPALDA', NULL, 2, 52273, 104546, '2024-01-01'),
(150, 20240101, 10006, 'BRASIER ELEGANCIA TIPO CHAL', NULL, 1, 46367, 46367, '2024-01-01'),
(151, 20240101, 10035, 'PANTY HIPSTER EN ENCAJE', NULL, 1, 18970, 18970, '2024-01-01'),
(152, 20240101, 10031, 'BRASIER ESTAMPADO ÑEÑE TERE', NULL, 4, 45233, 180932, '2024-01-01'),
(153, 20240101, 10013, 'CACHETERO DELICADO', NULL, 1, 53827, 53827, '2024-01-01'),
(154, 20240101, 10002, 'BRASIER STRAPLES ELASTICO', NULL, 1, 49574, 49574, '2024-01-01'),
(155, 20240101, 1130, 'TOP HOLLY ROSE', NULL, 2, 15000, 30000, '2024-01-23'),
(156, 20240101, 4150, 'BRASIER HOLLY ROSE', NULL, 2, 27000, 54000, '2024-01-01'),
(157, 20240101, 10020, 'BRASIER', NULL, 1, 42919, 42919, '2024-01-01'),
(158, 20240101, 10049, 'BABY DOLL', NULL, 1, 62902, 62902, '2024-01-01'),
(159, 20240101, 4010, 'BOXER', NULL, 1, 11000, 11000, '2024-01-01'),
(160, 20240101, 9008, 'PANTY 2K', NULL, 4, 13000, 52000, '2024-01-01'),
(162, 20240101, 10001, 'PANTY', NULL, 1, 30876, 30876, '2024-01-01'),
(163, 20240101, 10005, 'PANTY', NULL, 1, 22005, 22005, '2024-01-01'),
(164, 20240101, 10033, 'PANTY', NULL, 7, 15756, 110292, '2024-01-01'),
(165, 20240101, 10034, 'PANTY', NULL, 1, 23608, 23608, '2024-01-01'),
(166, 20240101, 10037, 'PANTY', NULL, 1, 19969, 19969, '2024-01-01'),
(167, 20240101, 10038, 'PANTY', NULL, 3, 18687, 56061, '2024-01-01'),
(168, 20240101, 10039, 'PANTY', NULL, 3, 16435, 49305, '2024-01-01'),
(169, 20240101, 10040, 'PANTY', NULL, 2, 19498, 38996, '2024-01-01'),
(170, 20240101, 10052, 'LIGUERO', NULL, 1, 29895, 29895, '2024-01-01'),
(171, 20240101, 10053, 'PANTY', NULL, 1, 18098, 18098, '2024-01-01'),
(172, 20240101, 10057, 'PANTY', NULL, 2, 26796, 53592, '2024-01-01'),
(173, 20240101, 4495, 'VESTIDO DE BAÑO SV + BLANCO', NULL, 4, 27000, 108000, '2024-01-01'),
(174, 20240101, 7107, 'ENTERIZO ??????', NULL, 2, 65000, 130000, '2024-01-01'),
(175, 20240101, 6000, 'SHORT LEIDY EVANDRA', NULL, 2, 20800, 41600, '2024-01-01'),
(176, 20240101, 7106, 'SALIDA ', NULL, 1, 39153, 39153, '2024-01-01'),
(177, 20240101, 1114, 'PANTY AGRIDULCE FREE', NULL, 6, 15000, 90000, '2024-01-01'),
(178, 20240101, 4009, 'SHORT PANTY BODEGA', NULL, 2, 15000, 30000, '2024-01-01'),
(179, 20240101, 18301, 'BOXER ALGODON TARRAO', NULL, 14, 15113, 211582, '2024-01-01'),
(180, 20240101, 22111, 'BABALU PANTY BBL TARRAO', NULL, 6, 9000, 54000, '2024-01-01'),
(181, 20240101, 25501, 'BOXER TARRAO', NULL, 10, 9000, 90000, '2024-01-01'),
(182, 20240101, 25911, 'BABALU PANTY BBL TARRAO', NULL, 12, 9000, 108000, '2024-01-01'),
(183, 20240101, 27661, 'TARRAO', NULL, 1, 38080, 38080, '2024-01-01'),
(184, 20240101, 27681, 'TARRA', NULL, 4, 38318, 153272, '2024-01-01'),
(185, 20240101, 62201, 'TARRAO', NULL, 26, 17017, 442442, '2024-01-01'),
(186, 20240101, 62211, 'TARRAO', NULL, 2, 15470, 30940, '2024-01-01'),
(187, 20240101, 63231, 'TARRAO', NULL, 1, 15708, 15708, '2024-01-01'),
(188, 20240101, 70591, 'TARRAO', NULL, 3, 12733, 38199, '2024-01-01'),
(189, 20240101, 72821, 'TARRAO', NULL, 18, 14280, 257040, '2024-01-01'),
(190, 20240101, 75841, 'TARRAO', NULL, 7, 12495, 87465, '2024-01-01'),
(191, 20240101, 858, 'ACCESORIOS CAROL', NULL, 1, 5012, 5012, '2024-01-01'),
(192, 20240101, 925, 'ACCESORIOS', NULL, 2, 4282, 8563, '2024-01-01'),
(193, 20240202, 19, 'KIMONO FLECO SISA ABIERTA MAYA', NULL, 3, 20000, 60000, '2024-02-02'),
(194, 20240101, 8889, 'OPEN NO SALE', NULL, 0, 0, 0, '2024-01-01'),
(195, 20240214, 31, 'SALIDA FALDA VESTIDO PINKYLIN', NULL, 30, 35700, 1071000, '2024-02-14');

-- --------------------------------------------------------

--
-- Estructura de tabla para la tabla `sales`
--

CREATE TABLE `sales` (
  `id_sale` int(11) NOT NULL,
  `id_product` int(11) NOT NULL,
  `quantity` int(11) NOT NULL,
  `unit_price` decimal(10,2) NOT NULL,
  `total_price` decimal(10,2) NOT NULL,
  `payment_method` varchar(20) NOT NULL,
  `registered` date NOT NULL,
  `comment` varchar(20) DEFAULT NULL
) ENGINE=InnoDB DEFAULT CHARSET=utf8mb4;

--
-- Volcado de datos para la tabla `sales`
--

INSERT INTO `sales` (`id_sale`, `id_product`, `quantity`, `unit_price`, `total_price`, `payment_method`, `registered`, `comment`) VALUES
(1, 1, 0, '0.00', '0.00', 'EFECTIVO', '2024-01-01', NULL),
(2, 1, 0, '0.00', '0.00', 'EFECTIVO', '2024-01-02', NULL),
(3, 1, 0, '0.00', '0.00', 'EFECTIVO', '2024-01-03', NULL),
(5, 59, 1, '120000.00', '120000.00', 'NEQUI', '2024-01-04', NULL),
(6, 82, 1, '70000.00', '70000.00', 'NEQUI', '2024-01-04', NULL),
(7, 26, 1, '65000.00', '65000.00', 'NEQUI', '2024-01-04', NULL),
(8, 62, 1, '120000.00', '120000.00', 'DAVIPLATA', '2024-01-04', NULL),
(9, 80, 1, '70000.00', '70000.00', 'DAVIPLATA', '2024-01-04', NULL),
(10, 24, 1, '90000.00', '90000.00', 'DAVIPLATA', '2024-01-04', NULL),
(11, 24, 1, '90000.00', '90000.00', 'NEQUI', '2024-01-04', NULL),
(12, 61, 1, '120000.00', '120000.00', 'DAVIPLATA', '2024-01-04', NULL),
(13, 72, 1, '120000.00', '120000.00', 'NEQUI', '2024-01-04', NULL),
(14, 65, 1, '120000.00', '120000.00', 'EFECTIVO', '2024-01-04', NULL),
(15, 5, 1, '30000.00', '30000.00', 'EFECTIVO', '2024-01-04', NULL),
(16, 76, 1, '70000.00', '70000.00', 'EFECTIVO', '2024-01-04', NULL),
(17, 26, 1, '70000.00', '70000.00', 'DAVIPLATA', '2024-01-05', NULL),
(18, 72, 1, '120000.00', '120000.00', 'NEQUI', '2024-01-05', NULL),
(19, 24, 1, '90000.00', '90000.00', 'NEQUI', '2024-01-05', NULL),
(20, 83, 1, '70000.00', '70000.00', 'NEQUI', '2024-01-05', NULL),
(21, 26, 1, '75000.00', '75000.00', 'DAVIPLATA', '2024-01-05', NULL),
(22, 26, 1, '70000.00', '70000.00', 'EFECTIVO', '2024-01-05', NULL),
(23, 31, 1, '95000.00', '95000.00', 'EFECTIVO', '2024-01-05', NULL),
(24, 30, 1, '70000.00', '70000.00', 'EFECTIVO', '2024-01-05', NULL),
(25, 24, 2, '80000.00', '160000.00', 'NEQUI', '2024-01-05', NULL),
(26, 24, 1, '80000.00', '80000.00', 'EFECTIVO', '2024-01-05', NULL),
(27, 24, 2, '80000.00', '160000.00', 'EFECTIVO', '2024-01-05', NULL),
(28, 66, 1, '125000.00', '125000.00', 'DAVIPLATA', '2024-01-05', NULL),
(29, 76, 1, '75000.00', '75000.00', 'EFECTIVO', '2024-01-05', NULL),
(30, 24, 1, '80000.00', '80000.00', 'EFECTIVO', '2024-01-05', NULL),
(31, 79, 1, '75000.00', '75000.00', 'EFECTIVO', '2024-01-05', NULL),
(32, 76, 1, '75000.00', '75000.00', 'EFECTIVO', '2024-01-05', NULL),
(33, 72, 1, '120000.00', '120000.00', 'EFECTIVO', '2024-01-05', NULL),
(34, 60, 1, '120000.00', '120000.00', 'EFECTIVO', '2024-01-05', NULL),
(35, 15, 1, '60000.00', '60000.00', 'EFECTIVO', '2024-01-05', NULL),
(36, 26, 1, '70000.00', '70000.00', 'EFECTIVO', '2024-01-05', NULL),
(37, 89, 1, '120000.00', '120000.00', 'EFECTIVO', '2024-01-05', NULL),
(38, 83, 1, '70000.00', '70000.00', 'EFECTIVO', '2024-01-05', NULL),
(39, 3, 1, '60000.00', '60000.00', 'EFECTIVO', '2024-01-05', NULL),
(40, 24, 1, '90000.00', '90000.00', 'EFECTIVO', '2024-01-05', NULL),
(41, 82, 1, '70000.00', '70000.00', 'EFECTIVO', '2024-01-05', NULL),
(42, 56, 1, '120000.00', '120000.00', 'EFECTIVO', '2024-01-05', NULL),
(43, 82, 1, '70000.00', '70000.00', 'EFECTIVO', '2024-01-05', NULL),
(44, 26, 1, '72447.00', '72447.00', 'BOLD', '2024-01-06', NULL),
(45, 24, 1, '91766.00', '91766.00', 'BOLD', '2024-01-06', NULL),
(46, 33, 1, '110000.00', '110000.00', 'EFECTIVO', '2024-01-06', NULL),
(47, 62, 1, '125000.00', '125000.00', 'EFECTIVO', '2024-01-06', NULL),
(48, 74, 1, '110000.00', '110000.00', 'EFECTIVO', '2024-01-06', NULL),
(49, 15, 1, '50000.00', '50000.00', 'EFECTIVO', '2024-01-06', NULL),
(50, 31, 1, '90000.00', '90000.00', 'EFECTIVO', '2024-01-06', NULL),
(51, 75, 1, '120000.00', '120000.00', 'EFECTIVO', '2024-01-06', NULL),
(52, 90, 1, '40000.00', '40000.00', 'EFECTIVO', '2024-01-06', NULL),
(53, 24, 1, '91766.00', '91766.00', 'BOLD', '2024-01-06', NULL),
(54, 79, 1, '70000.00', '70000.00', 'EFECTIVO', '2024-01-06', NULL),
(55, 7, 1, '50000.00', '50000.00', 'EFECTIVO', '2024-01-06', NULL),
(56, 74, 1, '110000.00', '110000.00', 'EFECTIVO', '2024-01-06', NULL),
(57, 7, 1, '50000.00', '50000.00', 'EFECTIVO', '2024-01-06', NULL),
(58, 19, 1, '50000.00', '50000.00', 'EFECTIVO', '2024-01-06', NULL),
(59, 26, 1, '70000.00', '70000.00', 'NEQUI', '2024-01-06', NULL),
(60, 26, 1, '70000.00', '70000.00', 'NEQUI', '2024-01-06', NULL),
(61, 62, 1, '125000.00', '125000.00', 'NEQUI', '2024-01-06', NULL),
(62, 21, 1, '60000.00', '60000.00', 'EFECTIVO', '2024-01-06', NULL),
(63, 72, 1, '115000.00', '115000.00', 'EFECTIVO', '2024-01-07', NULL),
(64, 24, 1, '95000.00', '95000.00', 'EFECTIVO', '2024-01-07', NULL),
(65, 26, 2, '70000.00', '140000.00', 'NEQUI', '2024-01-07', NULL),
(66, 72, 1, '120000.00', '120000.00', 'EFECTIVO', '2024-01-07', NULL),
(67, 75, 1, '120000.00', '120000.00', 'EFECTIVO', '2024-01-07', NULL),
(68, 84, 1, '60000.00', '60000.00', 'EFECTIVO', '2024-01-07', NULL),
(69, 26, 1, '70000.00', '70000.00', 'EFECTIVO', '2024-01-08', NULL),
(70, 29, 1, '100000.00', '100000.00', 'EFECTIVO', '2024-01-08', NULL),
(71, 3, 1, '30000.00', '30000.00', 'EFECTIVO', '2024-01-08', NULL),
(72, 61, 1, '125000.00', '125000.00', 'NEQUI', '2024-01-08', NULL),
(73, 56, 1, '128000.00', '128000.00', 'EFECTIVO', '2024-01-08', NULL),
(74, 52, 1, '105000.00', '105000.00', 'EFECTIVO', '2024-01-08', NULL),
(75, 72, 1, '120000.00', '120000.00', 'EFECTIVO', '2024-01-08', NULL),
(76, 62, 1, '120000.00', '120000.00', 'EFECTIVO', '2024-01-08', NULL),
(77, 76, 1, '70000.00', '70000.00', 'EFECTIVO', '2024-01-08', NULL),
(78, 52, 1, '110000.00', '110000.00', 'NEQUI', '2024-01-09', NULL),
(79, 26, 1, '65000.00', '65000.00', 'EFECTIVO', '2024-01-09', NULL),
(80, 24, 1, '90000.00', '90000.00', 'EFECTIVO', '2024-01-09', NULL),
(84, 69, 1, '120000.00', '120000.00', 'DAVIPLATA', '2024-01-09', NULL),
(85, 26, 1, '70000.00', '70000.00', 'NEQUI', '2024-01-09', NULL),
(86, 33, 1, '90000.00', '90000.00', 'EFECTIVO', '2024-01-09', NULL),
(87, 72, 1, '125000.00', '125000.00', 'EFECTIVO', '2024-01-09', NULL),
(88, 15, 1, '60000.00', '60000.00', 'EFECTIVO', '2024-01-09', NULL),
(89, 70, 1, '120000.00', '120000.00', 'EFECTIVO', '2024-01-09', NULL),
(90, 77, 1, '60000.00', '60000.00', 'EFECTIVO', '2024-01-09', NULL),
(91, 26, 3, '65000.00', '195000.00', 'EFECTIVO', '2024-01-09', NULL),
(92, 15, 1, '50000.00', '50000.00', 'NEQUI', '2024-01-09', NULL),
(93, 12, 1, '15000.00', '15000.00', 'EFECTIVO', '2024-01-09', NULL),
(94, 91, 1, '58000.00', '58000.00', 'EFECTIVO', '2024-01-10', NULL),
(95, 31, 1, '90000.00', '90000.00', 'EFECTIVO', '2024-01-10', NULL),
(96, 7, 1, '50000.00', '50000.00', 'NEQUI', '2024-01-10', NULL),
(97, 52, 1, '105000.00', '105000.00', 'NEQUI', '2024-01-10', NULL),
(98, 43, 1, '110000.00', '110000.00', 'NEQUI', '2024-01-10', NULL),
(99, 90, 1, '45000.00', '45000.00', 'EFECTIVO', '2024-01-10', NULL),
(100, 24, 1, '90000.00', '90000.00', 'EFECTIVO', '2024-01-10', NULL),
(101, 51, 1, '100000.00', '100000.00', 'EFECTIVO', '2024-01-11', NULL),
(102, 92, 1, '80000.00', '80000.00', 'EFECTIVO', '2024-01-11', NULL),
(103, 26, 1, '70000.00', '70000.00', 'NEQUI', '2024-01-11', NULL),
(104, 16, 1, '50000.00', '50000.00', 'EFECTIVO', '2024-01-11', NULL),
(105, 24, 1, '90000.00', '90000.00', 'EFECTIVO', '2024-01-11', NULL),
(106, 57, 1, '120000.00', '120000.00', 'EFECTIVO', '2024-01-11', NULL),
(107, 81, 1, '70000.00', '70000.00', 'EFECTIVO', '2024-01-11', NULL),
(108, 26, 1, '75000.00', '75000.00', 'EFECTIVO', '2024-01-11', NULL),
(109, 24, 1, '90000.00', '90000.00', 'EFECTIVO', '2024-01-11', NULL),
(110, 62, 1, '125000.00', '125000.00', 'NEQUI', '2024-01-12', NULL),
(111, 12, 1, '15000.00', '15000.00', 'EFECTIVO', '2024-01-12', NULL),
(112, 31, 1, '90000.00', '90000.00', 'NEQUI', '2024-01-12', NULL),
(113, 77, 1, '65000.00', '65000.00', 'EFECTIVO', '2024-01-12', NULL),
(114, 92, 1, '98000.00', '98000.00', 'EFECTIVO', '2024-01-12', NULL),
(115, 15, 1, '60000.00', '60000.00', 'EFECTIVO', '2024-01-12', NULL),
(116, 98, 1, '25000.00', '25000.00', 'EFECTIVO', '2024-01-12', NULL),
(117, 99, 1, '60000.00', '60000.00', 'NEQUI', '2024-01-12', NULL),
(118, 50, 1, '111085.00', '111085.00', 'BOLD', '2024-01-12', NULL),
(119, 75, 1, '120000.00', '120000.00', 'EFECTIVO', '2024-01-13', NULL),
(120, 72, 1, '120000.00', '120000.00', 'EFECTIVO', '2024-01-13', NULL),
(121, 120, 1, '35000.00', '35000.00', 'EFECTIVO', '2024-01-13', NULL),
(122, 7, 1, '50000.00', '50000.00', 'EFECTIVO', '2024-01-13', NULL),
(123, 7, 1, '50000.00', '50000.00', 'EFECTIVO', '2024-01-13', NULL),
(124, 66, 1, '120000.00', '120000.00', 'NEQUI', '2024-01-13', NULL),
(126, 3, 1, '60000.00', '60000.00', 'EFECTIVO', '2024-01-13', NULL),
(127, 11, 1, '30000.00', '30000.00', 'EFECTIVO', '2024-01-13', NULL),
(128, 62, 1, '120000.00', '120000.00', 'EFECTIVO', '2024-01-13', NULL),
(129, 30, 1, '70000.00', '70000.00', 'EFECTIVO', '2024-01-13', NULL),
(130, 72, 1, '120000.00', '120000.00', 'EFECTIVO', '2024-01-14', NULL),
(131, 3, 1, '60000.00', '60000.00', 'EFECTIVO', '2024-01-14', NULL),
(132, 72, 1, '120000.00', '120000.00', 'EFECTIVO', '2024-01-14', NULL),
(133, 80, 1, '85000.00', '85000.00', 'EFECTIVO', '2024-01-14', NULL),
(134, 95, 1, '50000.00', '50000.00', 'EFECTIVO', '2024-01-14', NULL),
(135, 124, 1, '30000.00', '30000.00', 'EFECTIVO', '2024-01-14', NULL),
(136, 55, 1, '95000.00', '95000.00', 'EFECTIVO', '2024-01-14', NULL),
(137, 98, 1, '25000.00', '25000.00', 'EFECTIVO', '2024-01-14', NULL),
(138, 55, 1, '98000.00', '98000.00', 'EFECTIVO', '2024-01-14', NULL),
(139, 28, 1, '15000.00', '15000.00', 'EFECTIVO', '2024-01-14', NULL),
(140, 24, 1, '94664.00', '94664.00', 'BOLD', '2024-01-14', NULL),
(141, 57, 1, '120000.00', '120000.00', 'EFECTIVO', '2024-01-14', NULL),
(142, 81, 1, '70000.00', '70000.00', 'EFECTIVO', '2024-01-14', NULL),
(143, 65, 1, '110000.00', '110000.00', 'EFECTIVO', '2024-01-14', NULL),
(144, 83, 1, '80000.00', '80000.00', 'EFECTIVO', '2024-01-14', NULL),
(145, 68, 1, '120000.00', '120000.00', 'EFECTIVO', '2024-01-15', NULL),
(146, 83, 1, '70000.00', '70000.00', 'EFECTIVO', '2024-01-15', NULL),
(147, 76, 1, '70000.00', '70000.00', 'EFECTIVO', '2024-01-15', NULL),
(148, 55, 1, '90000.00', '90000.00', 'EFECTIVO', '2024-01-15', NULL),
(149, 11, 1, '30000.00', '30000.00', 'EFECTIVO', '2024-01-15', NULL),
(150, 24, 1, '90000.00', '90000.00', 'NEQUI', '2024-01-15', NULL),
(151, 55, 1, '100000.00', '100000.00', 'EFECTIVO', '2024-01-15', NULL),
(152, 11, 1, '35000.00', '35000.00', 'NEQUI', '2024-01-16', NULL),
(153, 90, 1, '45000.00', '45000.00', 'EFECTIVO', '2024-01-16', NULL),
(154, 90, 1, '40000.00', '40000.00', 'EFECTIVO', '2024-01-16', NULL),
(155, 109, 1, '6000.00', '6000.00', 'EFECTIVO', '2024-01-16', NULL),
(156, 90, 1, '40000.00', '40000.00', 'EFECTIVO', '2024-01-16', NULL),
(157, 52, 1, '100000.00', '100000.00', 'EFECTIVO', '2024-01-16', NULL),
(158, 68, 1, '115000.00', '115000.00', 'EFECTIVO', '2024-01-16', NULL),
(159, 83, 1, '70000.00', '70000.00', 'EFECTIVO', '2024-01-16', NULL),
(160, 76, 1, '80000.00', '80000.00', 'EFECTIVO', '2024-01-16', NULL),
(161, 73, 1, '110000.00', '110000.00', 'EFECTIVO', '2024-01-16', NULL),
(162, 75, 1, '125000.00', '125000.00', 'EFECTIVO', '2024-01-16', NULL),
(163, 62, 1, '125000.00', '125000.00', 'EFECTIVO', '2024-01-16', NULL),
(164, 56, 2, '125000.00', '250000.00', 'EFECTIVO', '2024-01-16', NULL),
(165, 7, 1, '50000.00', '50000.00', 'EFECTIVO', '2024-01-16', NULL),
(166, 82, 1, '65000.00', '65000.00', 'EFECTIVO', '2024-01-16', NULL),
(167, 47, 1, '111085.00', '111085.00', 'BOLD', '2024-01-16', NULL),
(168, 52, 1, '111085.00', '111085.00', 'BOLD', '2024-01-16', NULL),
(169, 75, 1, '130000.00', '130000.00', 'EFECTIVO', '2024-01-16', NULL),
(170, 86, 1, '70000.00', '70000.00', 'EFECTIVO', '2024-01-16', NULL),
(171, 24, 2, '90000.00', '180000.00', 'EFECTIVO', '2024-01-16', NULL),
(172, 26, 2, '70000.00', '140000.00', 'EFECTIVO', '2024-01-16', NULL),
(173, 30, 1, '70000.00', '70000.00', 'EFECTIVO', '2024-01-16', NULL),
(174, 114, 2, '25000.00', '50000.00', 'EFECTIVO', '2024-01-17', NULL),
(175, 57, 1, '120000.00', '120000.00', 'EFECTIVO', '2024-01-17', NULL),
(176, 77, 1, '60000.00', '60000.00', 'EFECTIVO', '2024-01-17', NULL),
(177, 95, 1, '50000.00', '50000.00', 'EFECTIVO', '2024-01-17', NULL),
(178, 62, 1, '125000.00', '125000.00', 'EFECTIVO', '2024-01-17', NULL),
(179, 24, 1, '90000.00', '90000.00', 'DAVIPLATA', '2024-01-17', NULL),
(180, 65, 1, '110000.00', '110000.00', 'DAVIPLATA', '2024-01-17', NULL),
(181, 143, 1, '30000.00', '30000.00', 'EFECTIVO', '2024-01-17', NULL),
(182, 52, 1, '110000.00', '110000.00', 'NEQUI', '2024-01-17', NULL),
(183, 56, 1, '120000.00', '120000.00', 'NEQUI', '2024-01-17', NULL),
(184, 90, 2, '40000.00', '80000.00', 'NEQUI', '2024-01-17', NULL),
(185, 82, 1, '60000.00', '60000.00', 'EFECTIVO', '2024-01-17', NULL),
(187, 56, 1, '125000.00', '125000.00', 'EFECTIVO', '2024-01-17', NULL),
(188, 7, 1, '55000.00', '55000.00', 'EFECTIVO', '2024-01-17', NULL),
(189, 59, 1, '120000.00', '120000.00', 'EFECTIVO', '2024-01-18', NULL),
(190, 79, 1, '70000.00', '70000.00', 'EFECTIVO', '2024-01-18', NULL),
(191, 75, 1, '125000.00', '125000.00', 'NEQUI', '2024-01-18', NULL),
(192, 69, 1, '123643.00', '123643.00', 'BOLD', '2024-01-18', NULL),
(193, 58, 1, '110000.00', '110000.00', 'NEQUI', '2024-01-18', NULL),
(194, 10, 1, '20000.00', '20000.00', 'NEQUI', '2024-01-18', NULL),
(195, 75, 1, '120000.00', '120000.00', 'EFECTIVO', '2024-01-18', NULL),
(196, 26, 1, '70000.00', '70000.00', 'EFECTIVO', '2024-01-18', NULL),
(197, 62, 1, '125575.00', '125575.00', 'BOLD', '2024-01-18', NULL),
(198, 11, 1, '33809.00', '33809.00', 'BOLD', '2024-01-18', NULL),
(199, 62, 1, '115000.00', '115000.00', 'EFECTIVO', '2024-01-19', NULL),
(200, 72, 1, '115000.00', '115000.00', 'EFECTIVO', '2024-01-19', NULL),
(201, 66, 1, '120000.00', '120000.00', 'EFECTIVO', '2024-01-19', NULL),
(202, 76, 1, '80000.00', '80000.00', 'EFECTIVO', '2024-01-19', NULL),
(203, 30, 1, '70000.00', '70000.00', 'EFECTIVO', '2024-01-19', NULL),
(204, 26, 1, '70000.00', '70000.00', 'EFECTIVO', '2024-01-19', NULL),
(205, 113, 3, '28000.00', '84000.00', 'EFECTIVO', '2024-01-19', NULL),
(206, 88, 1, '70000.00', '70000.00', 'EFECTIVO', '2024-01-19', NULL),
(207, 149, 1, '70000.00', '70000.00', 'EFECTIVO', '2024-01-19', NULL),
(208, 115, 1, '30000.00', '30000.00', 'EFECTIVO', '2024-01-19', NULL),
(209, 26, 1, '65000.00', '65000.00', 'NEQUI', '2024-01-19', NULL),
(210, 146, 1, '100000.00', '100000.00', 'EFECTIVO', '2024-01-19', NULL),
(211, 62, 1, '120000.00', '120000.00', 'EFECTIVO', '2024-01-19', NULL),
(212, 150, 1, '75000.00', '75000.00', 'EFECTIVO', '2024-01-02', NULL),
(213, 151, 1, '35000.00', '35000.00', 'EFECTIVO', '2024-01-02', NULL),
(214, 113, 4, '30000.00', '120000.00', 'EFECTIVO', '2024-01-02', NULL),
(215, 152, 2, '72000.00', '144000.00', 'EFECTIVO', '2024-01-02', NULL),
(216, 149, 1, '75000.00', '75000.00', 'EFECTIVO', '2024-01-02', NULL),
(217, 152, 1, '35000.00', '35000.00', 'EFECTIVO', '2024-01-02', NULL),
(218, 119, 1, '30000.00', '30000.00', 'EFECTIVO', '2024-01-02', NULL),
(219, 154, 1, '70000.00', '70000.00', 'EFECTIVO', '2024-01-20', NULL),
(220, 117, 1, '100000.00', '100000.00', 'EFECTIVO', '2024-01-20', NULL),
(221, 7, 1, '50000.00', '50000.00', 'EFECTIVO', '2024-01-20', NULL),
(222, 90, 1, '45000.00', '45000.00', 'EFECTIVO', '2024-01-20', NULL),
(223, 51, 1, '110000.00', '110000.00', 'NEQUI', '2024-01-20', NULL),
(224, 26, 1, '70000.00', '70000.00', 'EFECTIVO', '2024-01-20', NULL),
(225, 26, 1, '70000.00', '70000.00', 'EFECTIVO', '2024-01-20', NULL),
(226, 62, 1, '125000.00', '125000.00', 'NEQUI', '2024-01-20', NULL),
(227, 62, 1, '120000.00', '120000.00', 'EFECTIVO', '2024-01-20', NULL),
(228, 55, 1, '95000.00', '95000.00', 'NEQUI', '2024-01-20', NULL),
(229, 62, 1, '120000.00', '120000.00', 'EFECTIVO', '2024-01-20', NULL),
(230, 126, 1, '40000.00', '40000.00', 'EFECTIVO', '2024-01-20', NULL),
(231, 117, 1, '110000.00', '110000.00', 'NEQUI', '2024-01-20', NULL),
(232, 72, 1, '115915.00', '115915.00', 'BOLD', '2024-01-20', NULL),
(233, 76, 1, '77277.00', '77277.00', 'BOLD', '2024-01-20', NULL),
(234, 26, 1, '72447.00', '72447.00', 'BOLD', '2024-01-20', NULL),
(235, 90, 1, '40000.00', '40000.00', 'EFECTIVO', '2024-01-21', NULL),
(236, 24, 1, '98000.00', '98000.00', 'EFECTIVO', '2024-01-21', NULL),
(237, 51, 1, '105000.00', '105000.00', 'NEQUI', '2024-01-21', NULL),
(238, 84, 1, '65000.00', '65000.00', 'NEQUI', '2024-01-21', NULL),
(239, 74, 1, '105000.00', '105000.00', 'EFECTIVO', '2024-01-21', NULL),
(240, 30, 1, '70000.00', '70000.00', 'EFECTIVO', '2024-01-21', NULL),
(241, 55, 1, '105000.00', '105000.00', 'EFECTIVO', '2024-01-21', NULL),
(242, 83, 1, '70000.00', '70000.00', 'EFECTIVO', '2024-01-21', NULL),
(243, 91, 1, '50500.00', '50500.00', 'NEQUI', '2024-01-22', NULL),
(244, 28, 1, '4400.00', '4400.00', 'NEQUI', '2024-01-22', NULL),
(245, 62, 1, '120000.00', '120000.00', 'EFECTIVO', '2024-01-22', NULL),
(246, 80, 1, '70000.00', '70000.00', 'EFECTIVO', '2024-01-22', NULL),
(247, 24, 1, '90000.00', '90000.00', 'EFECTIVO', '2024-01-22', NULL),
(248, 31, 2, '80000.00', '160000.00', 'EFECTIVO', '2024-01-22', NULL),
(249, 91, 1, '60000.00', '60000.00', 'EFECTIVO', '2024-01-22', NULL),
(250, 105, 1, '60000.00', '60000.00', 'EFECTIVO', '2024-01-22', NULL),
(251, 99, 1, '60000.00', '60000.00', 'EFECTIVO', '2024-01-22', NULL),
(252, 76, 1, '70000.00', '70000.00', 'EFECTIVO', '2024-01-22', NULL),
(253, 62, 1, '120000.00', '120000.00', 'EFECTIVO', '2024-01-22', NULL),
(254, 80, 1, '80000.00', '80000.00', 'EFECTIVO', '2024-01-22', NULL),
(255, 3, 1, '60000.00', '60000.00', 'EFECTIVO', '2024-01-22', NULL),
(256, 146, 1, '106256.00', '106256.00', 'BOLD', '2024-01-22', NULL),
(257, 43, 1, '120000.00', '120000.00', 'NEQUI', '2024-01-23', NULL),
(258, 103, 1, '70000.00', '70000.00', 'EFECTIVO', '2024-01-23', NULL),
(259, 1, 0, '0.00', '0.00', 'EFECTIVO', '2024-01-24', NULL),
(260, 54, 1, '115000.00', '115000.00', 'EFECTIVO', '2024-01-25', NULL),
(261, 7, 1, '50000.00', '50000.00', 'EFECTIVO', '2024-01-25', NULL),
(262, 83, 1, '75000.00', '75000.00', 'DAVIPLATA', '2024-01-17', NULL),
(263, 28, 1, '5000.00', '5000.00', 'EFECTIVO', '2024-01-26', NULL),
(264, 40, 1, '100000.00', '100000.00', 'NEQUI', '2024-01-26', NULL),
(265, 146, 1, '100000.00', '100000.00', 'NEQUI', '2024-01-26', NULL),
(266, 4, 1, '30000.00', '30000.00', 'NEQUI', '2024-01-26', NULL),
(267, 57, 1, '110000.00', '110000.00', 'DAVIPLATA', '2024-01-26', NULL),
(268, 90, 2, '40000.00', '80000.00', 'EFECTIVO', '2024-01-27', NULL),
(269, 112, 1, '77277.00', '77277.00', 'BOLD', '2024-01-27', NULL),
(270, 113, 1, '28979.00', '28979.00', 'BOLD', '2024-01-27', NULL),
(271, 143, 2, '33809.00', '67618.00', 'BOLD', '2024-01-27', NULL),
(272, 3, 1, '50000.00', '50000.00', 'EFECTIVO', '2024-01-27', NULL),
(273, 7, 1, '50000.00', '50000.00', 'EFECTIVO', '2024-01-27', NULL),
(274, 24, 1, '95000.00', '95000.00', 'EFECTIVO', '2024-01-27', NULL),
(275, 72, 1, '125000.00', '125000.00', 'EFECTIVO', '2024-01-27', NULL),
(276, 76, 1, '70000.00', '70000.00', 'NEQUI', '2024-01-27', NULL),
(277, 26, 1, '60000.00', '60000.00', 'NEQUI', '2024-01-27', NULL),
(278, 62, 1, '120000.00', '120000.00', 'NEQUI', '2024-01-27', NULL),
(279, 80, 1, '80000.00', '80000.00', 'NEQUI', '2024-01-27', NULL),
(284, 70, 1, '120000.00', '120000.00', 'EFECTIVO', '2024-01-28', NULL),
(285, 26, 1, '75000.00', '75000.00', 'EFECTIVO', '2024-01-28', NULL),
(286, 92, 1, '102000.00', '102000.00', 'NEQUI', '2024-01-28', NULL),
(287, 26, 1, '60000.00', '60000.00', 'EFECTIVO', '2024-01-28', NULL),
(288, 7, 1, '50000.00', '50000.00', 'EFECTIVO', '2024-01-28', NULL),
(289, 62, 1, '120000.00', '120000.00', 'EFECTIVO', '2024-01-29', NULL),
(290, 26, 1, '75000.00', '75000.00', 'NEQUI', '2024-01-29', NULL),
(291, 99, 1, '60000.00', '60000.00', 'EFECTIVO', '2024-01-30', NULL),
(292, 103, 1, '70000.00', '70000.00', 'EFECTIVO', '2024-01-30', NULL),
(293, 5, 1, '30000.00', '30000.00', 'EFECTIVO', '2024-01-30', NULL),
(294, 147, 1, '45000.00', '45000.00', 'EFECTIVO', '2024-01-30', NULL),
(295, 87, 1, '35000.00', '35000.00', 'EFECTIVO', '2024-01-30', NULL),
(296, 86, 1, '65000.00', '65000.00', 'EFECTIVO', '2024-01-30', NULL),
(297, 32, 1, '100000.00', '100000.00', 'EFECTIVO', '2024-01-30', NULL),
(298, 98, 1, '25000.00', '25000.00', 'EFECTIVO', '2024-01-30', NULL),
(299, 7, 1, '50000.00', '50000.00', 'EFECTIVO', '2024-01-31', NULL),
(300, 92, 1, '100000.00', '100000.00', 'EFECTIVO', '2024-01-30', NULL),
(301, 86, 1, '60000.00', '60000.00', 'EFECTIVO', '2024-01-30', NULL),
(302, 1, 0, '0.00', '0.00', 'EFECTIVO', '2024-02-01', NULL),
(303, 51, 1, '110000.00', '110000.00', 'NEQUI', '2024-02-02', NULL),
(304, 7, 1, '50000.00', '50000.00', 'NEQUI', '2024-02-02', NULL),
(305, 68, 1, '120000.00', '120000.00', 'EFECTIVO', '2024-02-02', NULL),
(306, 83, 1, '70000.00', '70000.00', 'EFECTIVO', '2024-02-02', NULL),
(307, 76, 1, '70000.00', '70000.00', 'EFECTIVO', '2024-02-02', NULL),
(308, 91, 2, '50500.00', '101000.00', 'EFECTIVO', '2024-02-02', NULL),
(309, 28, 1, '4400.00', '4400.00', 'EFECTIVO', '2024-02-02', NULL),
(310, 75, 1, '120000.00', '120000.00', 'EFECTIVO', '2024-02-02', NULL),
(311, 81, 1, '70000.00', '70000.00', 'EFECTIVO', '2024-02-02', NULL),
(312, 62, 1, '125000.00', '125000.00', 'EFECTIVO', '2024-02-03', NULL),
(313, 72, 1, '120000.00', '120000.00', 'EFECTIVO', '2024-02-03', NULL),
(314, 103, 1, '70000.00', '70000.00', 'EFECTIVO', '2024-02-03', NULL),
(315, 81, 1, '80000.00', '80000.00', 'EFECTIVO', '2024-02-03', NULL),
(316, 48, 1, '105000.00', '105000.00', 'EFECTIVO', '2024-02-03', NULL),
(317, 82, 1, '65000.00', '65000.00', 'EFECTIVO', '2024-02-03', NULL),
(318, 189, 1, '20000.00', '20000.00', 'EFECTIVO', '2024-02-03', NULL),
(319, 74, 1, '100000.00', '100000.00', 'EFECTIVO', '2024-02-03', NULL),
(320, 59, 1, '120000.00', '120000.00', 'EFECTIVO', '2024-02-04', NULL),
(321, 80, 1, '75000.00', '75000.00', 'NEQUI', '2024-02-04', NULL),
(322, 92, 1, '100000.00', '100000.00', 'EFECTIVO', '2024-02-04', NULL),
(323, 26, 1, '72372.00', '72372.00', 'BOLD', '2024-02-04', NULL),
(324, 7, 1, '50000.00', '50000.00', 'EFECTIVO', '2024-02-04', NULL),
(325, 75, 1, '120000.00', '120000.00', 'EFECTIVO', '2024-02-04', NULL),
(326, 68, 1, '120000.00', '120000.00', 'EFECTIVO', '2024-02-04', NULL),
(327, 83, 1, '70000.00', '70000.00', 'EFECTIVO', '2024-02-04', NULL),
(328, 81, 1, '80000.00', '80000.00', 'EFECTIVO', '2024-02-04', NULL),
(329, 116, 1, '20000.00', '20000.00', 'EFECTIVO', '2024-02-04', NULL),
(330, 162, 1, '30000.00', '30000.00', 'EFECTIVO', '2024-02-04', NULL),
(331, 41, 1, '120000.00', '120000.00', 'EFECTIVO', '2024-02-05', NULL),
(332, 177, 1, '25000.00', '25000.00', 'EFECTIVO', '2024-02-05', NULL),
(333, 177, 1, '35000.00', '35000.00', 'EFECTIVO', '2024-02-05', NULL),
(334, 56, 1, '120000.00', '120000.00', 'EFECTIVO', '2024-02-06', NULL),
(335, 82, 1, '70000.00', '70000.00', 'EFECTIVO', '2024-02-06', NULL),
(336, 4, 1, '30000.00', '30000.00', 'EFECTIVO', '2024-02-06', NULL),
(337, 75, 2, '120000.00', '240000.00', 'EFECTIVO', '2024-02-07', NULL),
(338, 90, 1, '40000.00', '40000.00', 'EFECTIVO', '2024-02-07', NULL),
(339, 7, 1, '50000.00', '50000.00', 'EFECTIVO', '2024-02-07', NULL),
(340, 24, 1, '90000.00', '90000.00', 'EFECTIVO', '2024-02-07', NULL),
(341, 62, 1, '120000.00', '120000.00', 'EFECTIVO', '2024-02-07', NULL),
(342, 83, 1, '70000.00', '70000.00', 'EFECTIVO', '2024-02-07', NULL),
(343, 57, 1, '120000.00', '120000.00', 'NEQUI', '2024-02-07', NULL),
(344, 112, 1, '80000.00', '80000.00', 'NEQUI', '2024-02-07', NULL),
(345, 82, 1, '70000.00', '70000.00', 'EFECTIVO', '2024-02-07', NULL),
(346, 26, 1, '70000.00', '70000.00', 'EFECTIVO', '2024-02-07', NULL),
(347, 5, 1, '30000.00', '30000.00', 'EFECTIVO', '2024-02-07', NULL),
(348, 98, 1, '25000.00', '25000.00', 'EFECTIVO', '2024-02-07', NULL),
(349, 24, 1, '90000.00', '90000.00', 'EFECTIVO', '2024-02-07', NULL),
(350, 62, 1, '120000.00', '120000.00', 'EFECTIVO', '2024-02-08', NULL),
(351, 80, 1, '70000.00', '70000.00', 'EFECTIVO', '2024-02-08', NULL),
(352, 24, 1, '95000.00', '95000.00', 'NEQUI', '2024-02-08', NULL),
(353, 194, 0, '0.00', '0.00', 'EFECTIVO', '2024-02-09', NULL),
(355, 68, 1, '100000.00', '100000.00', 'EFECTIVO', '2024-02-10', NULL),
(356, 83, 1, '70000.00', '70000.00', 'EFECTIVO', '2024-02-10', NULL),
(357, 65, 1, '110000.00', '110000.00', 'NEQUI', '2024-02-10', NULL),
(358, 72, 1, '120000.00', '120000.00', 'EFECTIVO', '2024-02-10', NULL),
(359, 103, 1, '65000.00', '65000.00', 'NEQUI', '2024-02-10', NULL),
(360, 146, 1, '105000.00', '105000.00', 'EFECTIVO', '2024-02-10', NULL),
(361, 26, 1, '65000.00', '65000.00', 'DAVIPLATA', '2024-02-10', NULL),
(362, 19, 1, '60000.00', '60000.00', 'NEQUI', '2024-02-10', NULL),
(363, 26, 1, '70000.00', '70000.00', 'NEQUI', '2024-02-10', NULL),
(364, 24, 1, '90000.00', '90000.00', 'EFECTIVO', '2024-02-11', NULL),
(365, 66, 1, '120000.00', '120000.00', 'EFECTIVO', '2024-02-11', NULL),
(366, 81, 1, '80000.00', '80000.00', 'EFECTIVO', '2024-02-11', NULL),
(367, 62, 1, '120000.00', '120000.00', 'EFECTIVO', '2024-02-11', NULL),
(368, 26, 1, '65000.00', '65000.00', 'NEQUI', '2024-02-11', NULL),
(369, 146, 1, '100000.00', '100000.00', 'EFECTIVO', '2024-02-11', NULL),
(370, 1, 0, '0.00', '0.00', 'EFECTIVO', '2024-02-12', NULL),
(371, 118, 1, '65000.00', '65000.00', 'EFECTIVO', '2024-02-13', NULL),
(372, 108, 1, '7000.00', '7000.00', 'EFECTIVO', '2024-02-13', NULL),
(373, 90, 1, '40000.00', '40000.00', 'EFECTIVO', '2024-02-13', NULL),
(374, 26, 1, '65000.00', '65000.00', 'EFECTIVO', '2024-02-13', NULL),
(375, 52, 1, '105000.00', '105000.00', 'EFECTIVO', '2024-02-14', NULL),
(376, 120, 1, '43303.00', '43303.00', 'BOLD', '2024-02-14', NULL),
(377, 11, 1, '33614.00', '33614.00', 'BOLD', '2024-02-14', NULL),
(378, 75, 1, '115000.00', '115000.00', 'EFECTIVO', '2024-02-14', NULL),
(379, 117, 1, '115000.00', '115000.00', 'NEQUI', '2024-02-14', NULL),
(380, 24, 1, '95000.00', '95000.00', 'EFECTIVO', '2024-02-14', NULL),
(381, 143, 1, '35000.00', '35000.00', 'EFECTIVO', '2024-02-15', NULL),
(382, 180, 2, '18000.00', '36000.00', 'EFECTIVO', '2024-02-15', NULL),
(383, 57, 1, '120000.00', '120000.00', 'EFECTIVO', '2024-02-15', NULL),
(384, 19, 1, '50000.00', '50000.00', 'EFECTIVO', '2024-02-16', NULL),
(385, 42, 1, '100000.00', '100000.00', 'EFECTIVO', '2024-02-15', NULL);

-- --------------------------------------------------------

--
-- Estructura de tabla para la tabla `users`
--

CREATE TABLE `users` (
  `user_id` int(11) NOT NULL,
  `user_name` varchar(11) NOT NULL,
  `user_pass` varchar(11) NOT NULL,
  `user_rol` int(11) NOT NULL
) ENGINE=InnoDB DEFAULT CHARSET=utf8mb4;

--
-- Índices para tablas volcadas
--

--
-- Indices de la tabla `bills`
--
ALTER TABLE `bills`
  ADD PRIMARY KEY (`id`);

--
-- Indices de la tabla `products`
--
ALTER TABLE `products`
  ADD PRIMARY KEY (`id_product`),
  ADD UNIQUE KEY `reference` (`reference`);

--
-- Indices de la tabla `sales`
--
ALTER TABLE `sales`
  ADD PRIMARY KEY (`id_sale`),
  ADD KEY `fk_sale_product` (`id_product`);

--
-- Indices de la tabla `users`
--
ALTER TABLE `users`
  ADD PRIMARY KEY (`user_id`);

--
-- AUTO_INCREMENT de las tablas volcadas
--

--
-- AUTO_INCREMENT de la tabla `bills`
--
ALTER TABLE `bills`
  MODIFY `id` int(11) NOT NULL AUTO_INCREMENT, AUTO_INCREMENT=4;

--
-- AUTO_INCREMENT de la tabla `products`
--
ALTER TABLE `products`
  MODIFY `id_product` int(11) NOT NULL AUTO_INCREMENT, AUTO_INCREMENT=196;

--
-- AUTO_INCREMENT de la tabla `sales`
--
ALTER TABLE `sales`
  MODIFY `id_sale` int(11) NOT NULL AUTO_INCREMENT, AUTO_INCREMENT=386;

--
-- AUTO_INCREMENT de la tabla `users`
--
ALTER TABLE `users`
  MODIFY `user_id` int(11) NOT NULL AUTO_INCREMENT;

--
-- Restricciones para tablas volcadas
--

--
-- Filtros para la tabla `sales`
--
ALTER TABLE `sales`
  ADD CONSTRAINT `fk_sale_product` FOREIGN KEY (`id_product`) REFERENCES `products` (`id_product`) ON DELETE CASCADE;
COMMIT;

/*!40101 SET CHARACTER_SET_CLIENT=@OLD_CHARACTER_SET_CLIENT */;
/*!40101 SET CHARACTER_SET_RESULTS=@OLD_CHARACTER_SET_RESULTS */;
/*!40101 SET COLLATION_CONNECTION=@OLD_COLLATION_CONNECTION */;
